
CREATE TEMP TABLE valid_cedulas (cedula_val text);
INSERT INTO valid_cedulas (cedula_val) VALUES ('1060237237'),('35511195'),('76290446'),('1061746316'),('1060239261'),('10297398'),('10575058'),('1061709854'),('31476021'),('4771438'),('10575121'),('1517795'),('25628727'),('76322728'),('25628657'),('10290482'),('1060238864'),('48661808'),('76290538'),('4774379'),('1061735931'),('34485089'),('351677'),('1064676922'),('10535942'),('25693546'),('34324603'),('10575136'),('4773045'),('1064676399'),('10575063'),('1060237679'),('1061794141'),('76290044'),('10575125'),('25628072'),('1005979002'),('25628736'),('25628697'),('1060236089'),('1061791193'),('29774725'),('76327826'),('34329981'),('25627862'),('36381597'),('30688542'),('1061803252'),('25628709'),('76295922'),('34315870'),('76296906'),('1060236659'),('10535219'),('34523881'),('98396591'),('76290507'),('1061716801'),('1064676920'),('10544540'),('52158097'),('25706853'),('1517686'),('1060237167'),('4773064'),('34550377'),('4611925'),('25628392'),('1060236288'),('25697112'),('83042886'),('34536354'),('10532555'),('25628454'),('25693683'),('34543947'),('1002876437'),('1064427718'),('76303647'),('10308477'),('4611633'),('34543804'),('55163823'),('1806967'),('25628649'),('76330564'),('76028835'),('4771314'),('25693713'),('76306996'),('76325946'),('76290307'),('10542047'),('34323133'),('76313627'),('1063817889'),('1063809524'),('25284669'),('10575126'),('25700280'),('25628686'),('34557594'),('25276463'),('1064677004'),('10541232'),('25693701'),('76308041'),('48661807'),('25702819'),('4771279'),('76290202'),('1061698446'),('34562182'),('4771606'),('25628600'),('39793246'),('106476394'),('76317893'),('26308173'),('13039313'),('1060238959'),('25693748'),('4773002'),('76276263'),('25628734'),('4788051'),('1064676497'),('1063806941'),('1081702462'),('1061713441'),('76312936'),('34554040'),('4771241'),('76328222'),('48600036'),('4771252'),('76310062'),('25628152'),('25628714'),('1064676830'),('1063810090'),('76290488'),('4771236'),('34532677'),('1061704137'),('34536875'),('4771096'),('25628696'),('25693804'),('25628664'),('25691306'),('10575117'),('1061703828'),('76306436'),('1061744523'),('1061686462'),('1060238630'),('76321243'),('25694177'),('4788173'),('1002961956'),('10516112'),('10532886'),('76290101'),('76290011'),('52222636'),('1061763987'),('4787769'),('25706328'),('10291060'),('10290328'),('76310162'),('11389333'),('34562649'),('76307245'),('34475112'),('25628731'),('4771288'),('1060236279'),('25628735'),('10455131'),('1064676728'),('25628702'),('10575076'),('76290042'),('76307746'),('25628171'),('16667705'),('25628222'),('1061707699'),('76314835'),('1061770754'),('4771399'),('1061758574'),('34599376'),('76320685'),('76314811'),('10530463'),('25290509'),('76290685'),('10575078'),('51786901'),('1002876646'),('25628666'),('10548542'),('10575132'),('10545079'),('34330581'),('4749497'),('76030030'),('76309539'),('1060238794'),('25627858'),('98341686'),('1002821603'),('98341876'),('4771187'),('25682684'),('4749246'),('87217881'),('1061730721'),('16783793'),('1061706732'),('34528698'),('4749488'),('34563358'),('1061711097'),('76327892'),('25628034'),('4771230'),('25290321'),('10538012'),('76317110'),('34321845'),('1060238812'),('76284900'),('10106323'),('10575092'),('1064676291'),('10291996'),('34330598'),('10545716'),('25694101'),('10575065'),('1060238172'),('25693801'),('76316673'),('76290325'),('25693772'),('25628220'),('39623902'),('4771164'),('34547634'),('1060237416'),('1061693094'),('1061733459'),('76290304'),('1060237379'),('1061723670'),('4771199'),('1061724409'),('34550554'),('1517789'),('10526417'),('25694102'),('10575100'),('5253954'),('1064677022'),('10290755'),('1430695');

BEGIN;
-- Delete unauthorized evaluation details
DELETE FROM calificacion_detalle 
WHERE calificacion_id IN (
    SELECT c.id FROM calificaciones c
    JOIN productores p ON c.productor_id = p.id
    WHERE NOT EXISTS (
        SELECT 1 FROM valid_cedulas v 
        WHERE v.cedula_val = REPLACE(p.cedula, '.', '')
    )
);

-- Delete unauthorized evaluations
DELETE FROM calificaciones 
WHERE productor_id IN (
    SELECT id FROM productores 
    WHERE NOT EXISTS (
        SELECT 1 FROM valid_cedulas v 
        WHERE v.cedula_val = REPLACE(cedula, '.', '')
    )
);

-- Delete unauthorized producers
DELETE FROM productores 
WHERE NOT EXISTS (
    SELECT 1 FROM valid_cedulas v 
    WHERE v.cedula_val = REPLACE(cedula, '.', '')
);

-- Reset projects
UPDATE productores SET proyecto = 'Sin Proyecto';

-- Assign Sotara
CREATE TEMP TABLE sotara_cedulas (cedula_val text);
INSERT INTO sotara_cedulas (cedula_val) VALUES ('4771236'),('39623902'),('25693683'),('29774725'),('1005979002'),('106476394'),('25693546'),('31476021'),('25694102'),('1063810090'),('4771164'),('25702819'),('25691306'),('13039313'),('25694177'),('1061770754'),('25693801'),('34547634'),('4788173'),('4771252'),('10291060'),('1806967'),('4774379'),('10455131'),('4771199'),('4771279'),('16783793'),('52158097'),('34329981'),('25693804'),('25694101'),('87217881'),('11389333'),('76290011'),('25693701'),('34485089'),('4787769'),('10545079'),('98341686'),('55163823'),('30688542'),('34550554'),('10290755'),('76309539'),('76316673'),('4771314'),('76295922'),('76290042'),('25697112'),('1064676830'),('1061698446'),('4771241'),('98341876'),('1002821603'),('4771399'),('10308477'),('1063817889'),('1060237416'),('34315870'),('76330564'),('34562182'),('4749497'),('76317110'),('36381597'),('1061704137'),('34323133'),('39793246'),('48600036'),('25700280'),('34321845'),('34543947'),('16667705'),('4773045'),('1064676497'),('1061791193'),('1064677022'),('1081702462'),('1517795'),('4773064'),('4771288'),('1061794141'),('1063809524'),('1063806941'),('4773002'),('76308041'),('4771230'),('25290509'),('10532886'),('1061693094'),('26308173'),('1517686'),('4771187'),('10516112'),('76314835'),('1061713441'),('1061706732'),('1061686462'),('48661807'),('25693748'),('1061733459'),('4771096'),('76028835'),('25706328'),('4771606'),('1064676728'),('34475112'),('25693772'),('1064676399'),('76030030'),('25693713'),('4771438'),('76296906'),('1064676920'),('1064676291'),('1060238959'),('1064677004'),('1061746316'),('76290202'),('51786901'),('10542047'),('48661808'),('98396591'),('10548542'),('1517789'),('76312936'),('351677'),('76284900'),('76306996'),('1064676922'),('76310162');
UPDATE productores SET proyecto = 'Proyecto Sotará' 
WHERE EXISTS (SELECT 1 FROM sotara_cedulas s WHERE s.cedula_val = REPLACE(productores.cedula, '.', ''));

-- Assign Paletara
CREATE TEMP TABLE paletara_cedulas (cedula_val text);
INSERT INTO paletara_cedulas (cedula_val) VALUES ('34554040'),('10544540'),('76290507'),('10106323'),('76320685'),('34330581'),('34523881'),('1060238864'),('25627858'),('10575136'),('25628735'),('25627862'),('25628171'),('25628696'),('76306436'),('1061716801'),('10575065'),('1002876437'),('10291996'),('76314811'),('25628454'),('1061707699'),('1061735931'),('76276263'),('1060237379'),('10575078'),('34536875'),('76290446'),('76317893'),('4788051'),('34324603'),('34536354'),('25628736'),('1060236659'),('34557594'),('10575132'),('10575125'),('76327892'),('10575117'),('25628222'),('34543804'),('1060236279'),('25628392'),('1061763987'),('76327826'),('76321243'),('76328222'),('1061730721'),('1061703828'),('10538012'),('1060238812'),('10575063'),('34563358'),('25628034'),('10541232'),('25682684'),('76290101'),('25276463'),('76325946'),('10535219'),('10575121'),('5253954'),('10532555'),('1002876646'),('76290044'),('1060238630'),('76303647'),('1060239261'),('34330598'),('10297398'),('76290307'),('76290538'),('1060237679'),('10290482'),('10290328'),('25628686'),('25284669'),('1061723670'),('1060237237'),('10575100'),('34532677'),('10575092'),('4611925'),('76310062'),('25628727'),('1061724409'),('25628220'),('10575058'),('25628702'),('1061803252'),('1061711097'),('34550377'),('25628152'),('76290325'),('1060238172'),('1064427718'),('25290321'),('76290304'),('76290488'),('76290685'),('25628709'),('25628072'),('1060238794'),('1060236089'),('25628666'),('1061709854'),('10575076'),('4749246'),('1430695'),('1061758574'),('1060236288'),('10535942'),('76322728'),('1061744523'),('34528698'),('1002961956'),('10526417'),('10575126'),('76307746'),('83042886'),('25628664'),('10545716'),('25706853'),('25628657'),('25628649'),('76307245'),('25628600'),('10530463'),('52222636'),('1060237167'),('4749488'),('25628734'),('34599376'),('25628697'),('4611633'),('76313627'),('35511195'),('25628714'),('25628731'),('34562649');
UPDATE productores SET proyecto = 'Proyecto Paletará' 
WHERE EXISTS (SELECT 1 FROM paletara_cedulas p WHERE p.cedula_val = REPLACE(productores.cedula, '.', ''));

COMMIT;
